offer_id,application_id,offered_at,base_salary,accepted,accepted_at
1,8,2025-06-24 01:49:44,130303,True,2025-06-01 01:49:44
2,13,2025-01-31 20:46:02,207647,True,2025-02-24 20:46:02
3,25,2024-12-01 02:55:22,168168,False,
4,29,2025-05-27 06:18:41,105156,True,2025-06-02 06:18:41
5,30,2026-01-03 10:31:40,137936,True,2026-01-07 10:31:40
6,59,2024-03-21 19:22:44,91273,True,2024-04-04 19:22:44
7,95,2025-06-18 12:26:08,168551,True,2025-07-03 12:26:08
8,99,2025-12-03 22:42:07,194985,True,2025-12-10 22:42:07
9,109,2024-12-07 21:01:11,67060,True,2024-12-03 21:01:11
10,127,2024-02-21 10:50:13,97729,True,2024-02-25 10:50:13
11,136,2025-11-20 14:12:06,104486,False,
12,167,2025-12-22 20:32:04,117855,True,2025-11-30 20:32:04
13,169,2024-06-29 06:16:26,94679,True,2024-07-16 06:16:26
14,188,2024-07-13 14:30:39,167542,True,2024-07-23 14:30:39
15,213,2025-03-10 22:59:06,147328,False,
16,219,2025-04-21 21:05:33,131350,True,2025-04-02 21:05:33
17,232,2024-02-17 07:40:29,147659,True,2024-02-18 07:40:29
18,249,2024-08-23 09:18:30,94487,True,2024-09-07 09:18:30
19,260,2024-03-04 14:40:31,142659,True,2024-03-19 14:40:31
20,261,2025-04-13 08:11:49,140026,False,
21,278,2025-05-19 04:35:54,107117,True,2025-05-20 04:35:54
22,282,2025-04-25 21:57:12,187119,True,2025-04-28 21:57:12
23,301,2025-05-08 08:47:29,127781,True,2025-06-05 08:47:29
24,311,2024-07-06 04:23:06,95473,True,2024-06-21 04:23:06
25,322,2024-06-16 19:09:30,112570,True,2024-05-25 19:09:30
26,341,2024-06-05 12:50:51,152596,True,2024-05-27 12:50:51
27,358,2024-12-25 20:08:45,98760,False,
28,363,2025-10-07 01:45:59,166079,True,2025-11-03 01:45:59
29,380,2025-09-26 08:22:57,145799,False,
30,381,2025-11-07 15:30:28,76928,True,2025-11-21 15:30:28
31,382,2024-08-07 15:22:44,135179,True,2024-08-01 15:22:44
32,420,2025-11-04 18:03:30,169014,True,2025-11-12 18:03:30
33,430,2024-07-19 10:39:28,200678,True,2024-08-07 10:39:28
34,462,2025-07-14 23:43:43,127053,True,2025-08-20 23:43:43
35,479,2025-07-13 08:56:02,171827,True,2025-08-09 08:56:02
36,486,2026-02-08 15:16:18,73592,True,2026-02-13 15:16:18
37,495,2024-03-15 16:39:03,114309,True,2024-03-17 16:39:03
38,524,2024-09-06 12:01:01,112299,False,
39,528,2025-11-29 17:57:46,130603,True,2025-12-03 17:57:46
40,532,2025-06-18 23:00:37,186912,False,
41,537,2025-12-09 23:29:20,105069,True,2025-12-25 23:29:20
42,563,2024-04-09 12:08:11,120631,True,2024-05-09 12:08:11
43,578,2024-05-29 10:55:57,69665,True,2024-05-20 10:55:57
44,588,2024-04-17 19:31:45,144779,True,2024-04-08 19:31:45
45,629,2024-11-07 13:07:42,121021,True,2024-11-29 13:07:42
46,650,2024-08-18 13:20:19,176822,True,2024-07-28 13:20:19
47,662,2024-08-12 08:57:05,180171,True,2024-08-11 08:57:05
48,667,2024-08-18 09:33:51,162094,True,2024-08-21 09:33:51
49,699,2024-05-31 22:08:54,197850,True,2024-05-22 22:08:54
50,720,2025-12-12 22:54:51,87234,True,2025-11-24 22:54:51
51,761,2024-10-03 22:02:02,140665,True,2024-10-11 22:02:02
52,777,2024-10-24 04:31:27,175230,False,
53,787,2026-02-18 20:18:42,122295,True,2026-03-20 20:18:42
54,810,2025-06-24 11:57:10,134432,True,2025-07-15 11:57:10
55,815,2025-12-05 09:04:20,66532,False,
56,834,2024-03-19 05:15:06,140582,True,2024-03-08 05:15:06
57,840,2025-06-23 10:39:29,70240,True,2025-07-03 10:39:29
58,860,2026-01-24 15:16:18,70770,True,2026-01-14 15:16:18
59,870,2024-04-07 12:44:09,66467,True,2024-04-10 12:44:09
60,871,2025-07-24 03:11:08,114922,True,2025-08-05 03:11:08
61,905,2025-03-17 12:42:00,171927,True,2025-03-08 12:42:00
62,923,2024-11-15 16:46:06,117301,True,2024-11-05 16:46:06
63,927,2025-03-27 12:55:40,95816,True,2025-04-03 12:55:40
64,948,2025-01-22 03:55:31,129045,False,
65,967,2024-10-20 09:41:15,93740,True,2024-10-14 09:41:15
66,1052,2024-09-20 17:02:45,130901,True,2024-10-19 17:02:45
67,1066,2025-10-01 18:36:31,133286,False,
68,1090,2024-10-09 17:21:03,92806,True,2024-10-20 17:21:03
69,1095,2025-02-08 23:48:32,156599,True,2025-01-17 23:48:32
70,1125,2025-04-27 00:29:28,118607,False,
71,1129,2025-08-19 02:51:19,153788,False,
72,1156,2024-12-10 14:58:50,106933,True,2024-12-05 14:58:50
73,1168,2025-02-10 02:48:31,126919,True,2025-03-03 02:48:31
74,1190,2024-08-18 03:07:46,183655,True,2024-08-25 03:07:46
75,1191,2024-05-22 09:32:35,95313,False,
76,1206,2025-11-20 08:28:04,109673,False,
77,1222,2024-05-10 07:23:38,85581,True,2024-04-26 07:23:38
78,1229,2025-09-03 02:41:03,180591,True,2025-09-05 02:41:03
79,1257,2024-10-14 22:33:40,101205,True,2024-10-14 22:33:40
80,1272,2024-06-03 05:04:52,135603,True,2024-07-11 05:04:52
81,1352,2024-07-31 18:20:07,119047,True,2024-08-09 18:20:07
82,1400,2024-09-12 23:00:52,161558,True,2024-09-30 23:00:52
83,1411,2024-07-04 14:06:07,206713,True,2024-06-19 14:06:07
84,1416,2025-07-06 00:58:13,98366,False,
85,1439,2024-11-17 12:47:03,97254,True,2024-10-26 12:47:03
86,1445,2025-12-09 13:10:07,112172,True,2025-12-22 13:10:07
87,1463,2025-09-21 20:09:44,138889,True,2025-10-06 20:09:44
88,1481,2024-09-20 05:41:22,139218,False,
89,1490,2024-05-09 18:27:38,114901,True,2024-05-16 18:27:38
90,1497,2026-03-01 13:18:01,99395,False,
91,1499,2024-04-26 22:54:35,104843,False,
92,1517,2024-09-03 15:47:51,118384,True,2024-10-10 15:47:51
93,1520,2024-08-16 07:04:54,129691,True,2024-09-04 07:04:54
94,1534,2025-12-13 14:02:47,113236,True,2025-12-31 14:02:47
95,1553,2025-07-08 03:35:42,89415,True,2025-06-20 03:35:42
96,1561,2024-07-07 20:58:48,101805,False,
97,1566,2025-04-22 12:47:08,157675,True,2025-05-05 12:47:08
98,1588,2025-11-24 23:29:20,105230,True,2025-11-14 23:29:20
99,1592,2026-02-23 09:11:29,142929,True,2026-03-15 09:11:29
100,1602,2024-07-04 12:39:45,113851,True,2024-06-29 12:39:45
101,1614,2024-07-22 16:25:59,109554,True,2024-08-02 16:25:59
102,1629,2024-12-04 08:36:02,96013,True,2024-11-28 08:36:02
103,1667,2025-12-08 23:29:20,114582,True,2025-12-08 23:29:20
104,1669,2025-10-20 20:22:21,89208,False,
105,1676,2025-12-14 08:13:05,115766,True,2026-01-08 08:13:05
106,1682,2024-04-01 08:27:34,156587,True,2024-04-06 08:27:34
107,1711,2024-04-13 03:12:05,120589,False,
108,1738,2025-02-22 00:53:34,98556,True,2025-02-17 00:53:34
109,1741,2024-12-15 09:06:28,108052,True,2024-12-29 09:06:28
110,1766,2024-04-12 11:13:39,138430,False,
111,1773,2026-02-06 15:32:57,101726,False,
112,1786,2024-12-27 16:55:06,147831,True,2025-01-04 16:55:06
113,1788,2025-06-21 07:42:57,150266,True,2025-06-27 07:42:57
114,1811,2024-09-04 13:38:18,64245,False,
115,1815,2025-01-12 17:56:59,101977,True,2025-01-23 17:56:59
116,1820,2024-04-01 12:57:11,169416,True,2024-04-18 12:57:11
117,1822,2025-04-20 13:08:45,141735,False,
118,1824,2025-02-07 03:55:31,117804,True,2025-02-03 03:55:31
119,1827,2025-05-26 04:28:32,109640,True,2025-06-04 04:28:32
120,1834,2024-09-02 13:09:46,159608,True,2024-08-29 13:09:46
121,1855,2024-11-30 13:50:05,122100,True,2024-12-25 13:50:05
122,1889,2025-04-20 17:52:24,153144,True,2025-04-22 17:52:24
123,1899,2025-04-10 04:02:24,104689,True,2025-04-01 04:02:24
124,1904,2025-05-12 20:24:51,132152,True,2025-05-08 20:24:51
125,1917,2024-09-14 10:03:06,100139,True,2024-09-15 10:03:06
126,1952,2024-11-28 06:33:15,187533,False,
127,1957,2025-08-10 09:02:56,96008,True,2025-08-26 09:02:56
128,1970,2024-02-05 12:59:26,101562,True,2024-02-16 12:59:26
129,1978,2024-12-26 10:31:45,78196,False,
130,1994,2024-04-05 18:49:33,161978,True,2024-04-20 18:49:33
131,2003,2025-08-20 09:02:56,94823,False,
132,2015,2024-09-01 05:47:00,122715,True,2024-09-11 05:47:00
133,2022,2024-11-05 04:18:55,157569,True,2024-10-22 04:18:55
134,2040,2024-12-02 01:50:15,189274,True,2024-12-03 01:50:15
135,2062,2025-10-04 11:38:26,112090,True,2025-10-28 11:38:26
136,2073,2024-07-08 07:31:50,208077,True,2024-08-02 07:31:50
137,2082,2024-04-08 11:44:42,113291,True,2024-05-05 11:44:42
138,2097,2025-11-03 15:30:28,69071,True,2025-11-15 15:30:28
139,2115,2024-12-18 21:11:22,110286,True,2025-01-07 21:11:22
140,2146,2024-03-16 18:53:29,156544,False,
141,2155,2026-01-01 20:00:14,130472,False,
142,2162,2024-10-13 12:15:03,110105,True,2024-10-10 12:15:03
143,2169,2025-12-02 13:51:55,139509,False,
144,2237,2024-11-28 06:01:53,185191,True,2024-11-27 06:01:53
145,2242,2024-05-09 07:29:14,188143,True,2024-04-29 07:29:14
146,2252,2025-06-24 13:22:23,142924,True,2025-06-24 13:22:23
147,2265,2025-09-07 00:48:08,67127,True,2025-08-19 00:48:08
148,2323,2024-03-02 15:03:39,124152,True,2024-03-06 15:03:39
149,2328,2024-12-17 16:12:16,161504,False,
150,2331,2024-05-09 03:55:00,114959,True,2024-06-11 03:55:00
151,2340,2025-10-13 08:24:24,98667,True,2025-09-27 08:24:24
152,2348,2024-09-20 22:47:06,140189,True,2024-09-17 22:47:06
153,2352,2025-06-04 03:29:38,138362,True,2025-06-17 03:29:38
154,2368,2025-09-09 02:51:57,171088,True,2025-09-02 02:51:57
155,2383,2024-06-27 00:51:24,115799,False,
156,2401,2024-05-10 12:52:28,186975,True,2024-04-24 12:52:28
157,2424,2025-02-05 18:39:44,127184,True,2025-02-22 18:39:44
158,2425,2025-08-26 18:04:34,72390,True,2025-08-29 18:04:34
159,2438,2024-07-03 07:15:41,118327,False,
160,2477,2024-10-16 23:03:02,97877,False,
161,2499,2025-07-19 08:55:41,97068,True,2025-07-05 08:55:41
162,2521,2025-07-14 00:10:39,110229,True,2025-07-26 00:10:39
163,2523,2024-05-24 19:09:30,140150,True,2024-05-14 19:09:30
164,2548,2026-02-20 21:34:34,139384,True,2026-02-14 21:34:34
165,2555,2025-03-30 21:15:38,130907,True,2025-04-10 21:15:38
166,2579,2025-12-02 05:46:24,213156,True,2025-12-22 05:46:24
167,2590,2025-03-12 06:39:57,71507,True,2025-03-15 06:39:57
168,2596,2025-06-22 18:13:01,138152,True,2025-07-21 18:13:01
169,2600,2025-10-22 13:51:55,145020,True,2025-11-01 13:51:55
170,2618,2026-01-13 18:49:32,156566,True,2026-01-23 18:49:32
171,2648,2025-09-13 20:22:20,133860,True,2025-10-04 20:22:20
172,2686,2025-07-08 04:08:30,150898,True,2025-07-24 04:08:30
173,2694,2025-07-11 16:40:19,92219,True,2025-08-02 16:40:19
174,2727,2024-04-26 08:27:34,162202,False,
175,2728,2025-03-04 18:52:30,197668,True,2025-02-25 18:52:30
176,2733,2025-06-17 04:49:54,97351,False,
177,2740,2024-10-30 15:59:20,124506,True,2024-11-08 15:59:20
178,2756,2024-09-23 03:00:41,156146,True,2024-09-17 03:00:41
179,2775,2025-10-17 03:10:32,94171,True,2025-10-02 03:10:32
180,2809,2024-08-10 19:23:40,147011,False,
181,2825,2025-03-20 09:41:42,149245,False,
182,2834,2024-10-08 03:43:41,145979,True,2024-10-10 03:43:41
183,2839,2025-09-05 08:21:41,71811,True,2025-09-25 08:21:41
184,2854,2025-11-10 13:37:04,142586,True,2025-11-15 13:37:04
185,2885,2026-01-22 20:37:40,129205,True,2026-02-11 20:37:40
186,2910,2025-07-14 02:05:47,98772,True,2025-07-25 02:05:47
187,2950,2024-05-29 11:40:54,98273,True,2024-06-12 11:40:54
188,2991,2024-03-18 13:19:31,96341,True,2024-04-04 13:19:31
189,2996,2025-11-12 19:04:33,139876,False,
190,3031,2025-04-15 21:54:42,106525,True,2025-05-07 21:54:42
191,3057,2024-08-17 08:15:16,189955,False,
192,3069,2025-11-15 18:19:22,69872,True,2025-11-17 18:19:22
193,3096,2025-11-09 10:17:53,129286,True,2025-11-29 10:17:53
194,3100,2024-06-22 12:51:28,138870,True,2024-07-26 12:51:28
195,3105,2024-05-17 19:57:56,111017,False,
196,3146,2024-07-20 14:33:56,110186,True,2024-07-30 14:33:56
197,3154,2025-05-29 14:04:04,119564,True,2025-06-09 14:04:04
198,3161,2024-10-17 04:31:27,178063,True,2024-10-28 04:31:27
199,3171,2024-07-22 08:10:45,106002,True,2024-07-10 08:10:45
200,3200,2025-06-01 07:42:57,146968,True,2025-06-10 07:42:57
201,3207,2024-12-27 15:02:50,106279,True,2025-01-15 15:02:50
202,3209,2024-06-26 09:16:08,168756,True,2024-07-19 09:16:08
203,3226,2026-02-23 07:09:32,107156,True,2026-03-01 07:09:32
204,3227,2025-07-02 13:08:05,216108,False,
205,3230,2025-01-06 13:50:05,123537,True,2025-01-13 13:50:05
206,3249,2024-10-10 23:35:11,102779,True,2024-10-28 23:35:11
207,3254,2024-04-12 06:27:57,133215,True,2024-05-08 06:27:57
208,3267,2025-09-13 18:49:34,112968,False,
209,3272,2024-12-19 05:04:37,103223,False,
210,3288,2024-06-13 08:29:52,100333,False,
211,3302,2024-05-27 06:51:45,199851,True,2024-06-14 06:51:45
212,3320,2025-08-10 01:30:15,97301,False,
213,3361,2025-10-20 08:41:06,131646,False,
214,3409,2024-10-12 03:43:41,155198,False,
215,3414,2025-12-02 14:02:47,108446,True,2025-11-18 14:02:47
216,3416,2024-08-14 12:16:16,136941,True,2024-08-19 12:16:16
217,3452,2024-10-12 08:38:47,188988,False,
218,3468,2024-04-17 12:52:28,183482,True,2024-04-24 12:52:28
219,3487,2025-09-24 09:46:49,173771,True,2025-10-07 09:46:49
220,3522,2024-06-01 22:43:46,127942,True,2024-06-10 22:43:46
221,3539,2025-09-20 01:45:45,163977,True,2025-09-24 01:45:45
222,3548,2024-04-14 07:00:38,144713,True,2024-04-15 07:00:38
223,3558,2024-08-21 07:50:00,124713,True,2024-07-29 07:50:00
224,3559,2025-08-27 05:25:53,156539,True,2025-08-20 05:25:53
225,3584,2024-01-30 06:44:33,223512,True,2024-02-06 06:44:33
226,3591,2025-02-05 16:16:50,181272,True,2025-03-07 16:16:50
227,3621,2024-10-08 17:30:58,108788,False,
228,3653,2025-04-16 01:58:48,189503,True,2025-04-26 01:58:48
229,3667,2024-08-28 22:31:48,101329,True,2024-08-19 22:31:48
230,3681,2024-09-27 17:02:45,131817,True,2024-09-15 17:02:45
231,3697,2025-10-24 05:46:24,205075,True,2025-10-22 05:46:24
232,3718,2025-10-06 07:41:18,186258,True,2025-11-01 07:41:18
233,3727,2025-05-04 15:22:38,123341,True,2025-05-12 15:22:38
234,3752,2024-10-30 15:59:20,127329,True,2024-11-06 15:59:20
235,3754,2025-01-12 21:21:21,111079,True,2024-12-29 21:21:21
236,3762,2024-04-25 15:07:35,98712,True,2024-04-30 15:07:35
237,3770,2025-03-22 13:25:00,92180,False,
238,3791,2025-12-06 04:21:38,137438,False,
239,3830,2025-06-11 09:14:20,154488,True,2025-07-01 09:14:20
240,3840,2025-09-21 11:11:32,136367,True,2025-09-29 11:11:32
241,3847,2025-12-17 08:52:30,140954,False,
242,3864,2025-04-06 07:08:44,240017,True,2025-04-10 07:08:44
243,3867,2025-05-24 15:20:45,142861,True,2025-06-04 15:20:45
244,3937,2024-05-12 01:43:51,92354,True,2024-05-09 01:43:51
245,3960,2025-11-22 16:32:51,118881,True,2025-11-29 16:32:51
246,3968,2025-08-04 10:43:05,91792,True,2025-08-25 10:43:05
247,3989,2024-09-03 05:52:53,136028,True,2024-09-03 05:52:53
248,3991,2024-11-16 19:52:09,152793,False,
249,3999,2025-10-02 21:39:56,110940,True,2025-10-20 21:39:56
250,4000,2024-07-21 00:53:54,136083,True,2024-08-03 00:53:54
251,4007,2024-03-26 18:22:29,97598,False,
252,4009,2025-10-25 03:17:23,104210,True,2025-11-08 03:17:23
253,4010,2024-03-14 10:28:41,96957,True,2024-03-17 10:28:41
254,4038,2025-12-26 20:37:40,126354,True,2025-12-20 20:37:40
255,4039,2025-02-19 19:50:25,109463,False,
256,4040,2025-04-05 21:05:33,141625,True,2025-04-01 21:05:33
257,4075,2025-04-09 15:10:05,100637,True,2025-04-28 15:10:05
258,4100,2024-05-22 05:57:28,177484,True,2024-06-18 05:57:28
259,4102,2025-10-17 05:50:45,95285,True,2025-10-15 05:50:45
260,4115,2025-12-23 20:37:40,125810,True,2026-01-09 20:37:40
261,4137,2025-11-12 06:41:04,130876,False,
262,4161,2024-03-19 16:34:42,91545,True,2024-03-18 16:34:42
263,4194,2024-12-16 21:21:21,100603,False,
264,4221,2025-09-18 07:05:09,113571,False,
265,4232,2024-06-02 19:21:07,143154,True,2024-05-13 19:21:07
266,4292,2025-01-12 16:05:42,101255,False,
267,4307,2025-03-10 18:52:30,206469,True,2025-03-10 18:52:30
268,4353,2024-05-09 15:13:58,135653,True,2024-06-12 15:13:58
269,4373,2025-02-28 23:55:16,224046,True,2025-04-06 23:55:16
270,4417,2025-09-24 14:39:03,103887,False,
271,4419,2025-04-27 06:41:58,100925,False,
272,4432,2025-01-09 11:09:19,120861,True,2025-01-03 11:09:19
273,4443,2025-09-20 17:16:31,132535,True,2025-10-09 17:16:31
274,4464,2024-07-12 12:38:24,107768,True,2024-06-21 12:38:24
275,4470,2024-12-28 23:27:31,116418,False,
276,4475,2024-10-01 14:23:44,184902,False,
277,4490,2024-03-26 01:02:33,190677,False,
278,4515,2024-10-11 23:57:38,121150,True,2024-10-17 23:57:38
279,4521,2024-04-28 17:48:29,123112,False,
280,4523,2025-10-18 19:54:47,124959,True,2025-11-07 19:54:47
281,4536,2024-02-07 23:54:28,140965,False,
282,4549,2024-10-09 11:50:42,100107,True,2024-09-26 11:50:42
283,4561,2024-08-10 16:23:40,110226,True,2024-08-18 16:23:40
284,4576,2024-05-12 00:56:02,170093,True,2024-05-03 00:56:02
285,4608,2024-05-04 06:01:49,152073,True,2024-04-24 06:01:49
286,4614,2026-02-05 15:16:18,78259,True,2026-01-26 15:16:18
287,4631,2024-12-22 12:07:21,114222,True,2024-12-27 12:07:21
288,4654,2026-01-13 04:22:56,114708,False,
289,4685,2025-07-28 01:30:15,106013,True,2025-07-28 01:30:15
290,4713,2024-03-12 14:40:03,114585,True,2024-03-17 14:40:03
291,4721,2024-11-25 10:10:02,206507,True,2024-11-11 10:10:02
292,4730,2025-11-13 03:42:31,148832,True,2025-11-13 03:42:31
293,4775,2025-09-28 03:17:23,107537,False,
294,4785,2025-05-04 15:04:07,151730,True,2025-04-29 15:04:07
295,4787,2024-12-24 05:14:06,61321,False,
296,4821,2025-03-17 21:57:12,185966,True,2025-03-21 21:57:12
297,4829,2025-09-26 19:51:05,137344,True,2025-10-26 19:51:05
298,4847,2024-12-06 13:05:08,130384,True,2024-11-30 13:05:08
299,4852,2024-04-28 17:48:29,133386,True,2024-05-23 17:48:29
300,4853,2024-09-10 02:37:51,67086,False,
301,4880,2024-04-27 20:04:22,135226,False,
302,4882,2025-10-19 18:06:23,220097,False,
303,4908,2025-02-25 05:13:27,184157,True,2025-03-30 05:13:27
304,4958,2025-10-14 12:41:05,130787,True,2025-10-02 12:41:05
305,4961,2025-09-30 11:13:16,95335,True,2025-10-02 11:13:16
306,4964,2025-02-22 13:42:28,129241,False,
307,4989,2024-04-19 10:53:33,223555,False,
308,4995,2026-01-04 16:38:19,67932,False,
309,5003,2025-03-23 07:30:20,149807,False,
310,5026,2024-12-07 01:00:54,126002,False,
311,5033,2025-06-02 04:35:54,101556,False,
312,5035,2024-07-29 02:52:40,133123,False,
313,5043,2025-12-15 23:33:21,132673,False,
314,5051,2025-04-08 20:22:26,156102,True,2025-04-30 20:22:26
315,5075,2024-06-06 14:44:11,191541,True,2024-06-13 14:44:11
316,5085,2024-08-03 22:24:22,69093,True,2024-07-28 22:24:22
317,5087,2024-05-24 20:04:22,151548,True,2024-05-02 20:04:22
318,5089,2024-07-12 14:44:11,183683,True,2024-07-17 14:44:11
319,5144,2025-06-27 14:11:08,92951,True,2025-07-23 14:11:08
320,5159,2025-04-29 05:55:46,140168,True,2025-05-05 05:55:46
321,5162,2025-01-15 13:33:45,118130,True,2025-02-13 13:33:45
322,5177,2025-09-08 11:11:32,130368,True,2025-09-15 11:11:32
323,5192,2025-06-16 01:11:58,96240,False,
324,5203,2024-09-25 05:26:11,148708,True,2024-10-02 05:26:11
325,5211,2024-03-16 18:42:24,92496,True,2024-03-18 18:42:24
326,5212,2024-07-25 06:00:39,134876,True,2024-08-31 06:00:39
327,5225,2025-04-03 14:49:39,109151,True,2025-03-26 14:49:39
328,5252,2024-02-29 18:12:47,218554,True,2024-03-03 18:12:47
329,5270,2025-06-19 11:26:57,63160,True,2025-07-08 11:26:57
330,5291,2025-05-13 21:40:21,186535,True,2025-05-28 21:40:21
331,5357,2024-05-10 08:34:44,156414,True,2024-05-12 08:34:44
332,5374,2025-09-09 04:15:00,105308,True,2025-09-07 04:15:00
333,5379,2025-04-16 13:07:45,117836,False,
334,5437,2024-03-08 17:29:39,129838,True,2024-03-20 17:29:39
335,5438,2025-01-24 08:05:30,97831,True,2025-02-21 08:05:30
336,5440,2024-10-31 05:04:37,100328,False,
337,5442,2024-03-24 06:00:57,135235,False,
338,5444,2025-02-19 09:19:00,103629,False,
339,5465,2025-04-13 10:07:29,66141,True,2025-04-15 10:07:29
340,5483,2025-04-08 12:36:32,88420,True,2025-04-28 12:36:32
341,5531,2025-09-10 16:34:28,75865,True,2025-10-02 16:34:28
342,5560,2025-07-14 09:58:20,120069,True,2025-07-24 09:58:20
343,5565,2025-09-11 21:03:04,146280,True,2025-08-28 21:03:04
344,5569,2024-10-06 17:02:45,115607,True,2024-10-04 17:02:45
345,5577,2025-09-26 17:53:04,100263,True,2025-10-18 17:53:04
346,5600,2025-01-14 14:52:47,87979,False,
347,5606,2025-01-11 17:23:13,125930,False,
348,5623,2024-06-17 22:08:54,168093,True,2024-06-03 22:08:54
349,5646,2024-06-24 08:06:36,100191,True,2024-07-06 08:06:36
350,5676,2025-12-31 03:00:00,183236,False,
351,5680,2025-10-15 11:40:39,133189,True,2025-11-06 11:40:39
352,5692,2024-11-15 23:39:15,116898,False,
353,5693,2025-08-05 08:56:02,172300,True,2025-08-23 08:56:02
354,5733,2025-10-16 14:25:43,98964,True,2025-09-28 14:25:43
355,5737,2024-03-27 11:13:39,129320,True,2024-04-21 11:13:39
356,5755,2024-03-03 10:38:54,146179,True,2024-03-09 10:38:54
357,5792,2024-07-09 04:23:51,158813,True,2024-07-07 04:23:51
358,5812,2024-08-20 08:21:06,99132,True,2024-08-23 08:21:06
359,5850,2024-05-03 07:23:38,107871,True,2024-05-19 07:23:38
360,5856,2024-11-21 00:05:34,133701,False,
361,5859,2025-04-04 16:11:48,97137,True,2025-03-30 16:11:48
362,5863,2025-06-22 11:17:28,91255,True,2025-07-15 11:17:28
363,5880,2025-06-16 01:55:17,183219,True,2025-07-12 01:55:17
364,5889,2025-11-03 20:55:27,118352,False,
365,5893,2025-03-05 02:35:56,127972,False,
366,5898,2024-05-16 18:37:41,69153,True,2024-05-13 18:37:41
367,5908,2024-03-30 10:07:59,175633,True,2024-04-15 10:07:59
368,5949,2025-12-19 16:25:13,153577,True,2026-01-06 16:25:13
369,6010,2025-10-27 09:04:20,68523,False,
370,6031,2024-09-09 13:09:46,167702,True,2024-09-22 13:09:46
371,6066,2025-11-11 05:55:58,109837,False,
372,6079,2025-04-12 22:19:20,120238,True,2025-04-17 22:19:20
373,6084,2025-10-02 21:22:29,98453,True,2025-09-24 21:22:29
374,6115,2024-03-18 01:29:30,139998,False,
375,6127,2025-11-22 13:08:49,86377,True,2025-12-07 13:08:49
376,6154,2025-09-08 22:30:28,162073,False,
377,6157,2024-10-19 08:07:52,166623,True,2024-10-23 08:07:52
378,6184,2025-01-25 10:21:37,112690,False,
379,6214,2025-06-09 01:58:55,196761,True,2025-06-06 01:58:55
380,6237,2025-09-03 15:27:21,122412,False,
381,6252,2025-06-28 14:04:04,125416,True,2025-07-11 14:04:04
382,6307,2024-03-25 14:03:59,176411,False,
383,6319,2024-06-29 05:14:25,132963,False,
384,6325,2025-07-16 06:28:02,141197,True,2025-07-31 06:28:02
385,6341,2024-06-09 18:07:39,128489,True,2024-07-16 18:07:39
386,6344,2025-08-22 01:24:53,100123,True,2025-08-01 01:24:53
387,6356,2025-09-05 21:59:26,181920,True,2025-08-29 21:59:26
388,6362,2024-10-16 12:14:29,120732,True,2024-10-11 12:14:29
389,6386,2024-11-25 04:56:04,101266,False,
390,6400,2025-02-23 09:07:04,64315,True,2025-03-10 09:07:04
391,6463,2024-11-26 20:08:45,93087,True,2024-11-14 20:08:45
392,6480,2025-12-04 20:32:04,119700,True,2025-11-17 20:32:04
393,6488,2025-06-24 10:40:58,123273,True,2025-07-06 10:40:58
394,6498,2024-04-08 23:53:38,183255,False,
395,6501,2024-09-05 07:22:13,145960,True,2024-09-14 07:22:13
396,6542,2024-06-12 01:46:13,96619,True,2024-06-08 01:46:13
397,6550,2025-06-28 16:06:04,134209,False,
398,6556,2024-08-04 23:53:29,166356,True,2024-07-29 23:53:29
399,6570,2024-08-30 18:31:52,117120,True,2024-09-08 18:31:52
400,6599,2025-11-26 08:49:21,93577,True,2025-12-09 08:49:21
401,6600,2025-07-19 17:45:09,132472,False,
402,6604,2024-02-11 10:38:54,142577,False,
403,6649,2025-02-01 07:30:24,129774,False,
404,6661,2025-09-02 10:55:59,186389,True,2025-09-08 10:55:59
405,6669,2025-07-23 18:49:47,126598,True,2025-07-23 18:49:47
406,6685,2025-03-29 02:49:51,71635,True,2025-05-05 02:49:51
407,6723,2025-06-23 23:19:08,135615,True,2025-07-28 23:19:08
408,6749,2024-04-03 16:03:34,141835,True,2024-04-19 16:03:34
409,6753,2024-12-24 05:13:14,132132,True,2025-01-14 05:13:14
410,6766,2025-09-12 21:51:00,73887,True,2025-09-21 21:51:00
411,6779,2025-12-28 17:53:16,73301,False,
412,6784,2025-09-29 21:10:19,93841,True,2025-09-27 21:10:19
413,6792,2024-08-19 15:07:04,110033,True,2024-09-05 15:07:04
414,6816,2024-07-12 14:16:53,97059,False,
415,6821,2025-07-12 13:08:05,222877,False,
416,6851,2024-03-19 23:00:55,63899,False,
417,6859,2024-04-13 23:00:55,64960,True,2024-04-26 23:00:55
418,6866,2024-04-13 18:30:40,182874,True,2024-04-19 18:30:40
419,6901,2025-03-18 01:37:53,148440,True,2025-04-11 01:37:53
420,6909,2024-10-06 12:01:01,107557,False,
421,6931,2024-04-26 16:15:04,150965,True,2024-05-02 16:15:04
422,6940,2024-11-24 04:07:43,160068,True,2024-12-09 04:07:43
423,6951,2025-10-01 20:22:31,184491,True,2025-10-05 20:22:31
424,7034,2025-07-31 18:10:31,98328,True,2025-08-13 18:10:31
425,7040,2024-03-07 17:24:04,74097,True,2024-03-07 17:24:04
426,7048,2024-09-07 23:51:23,152565,True,2024-10-07 23:51:23
427,7058,2024-08-30 01:42:41,95520,True,2024-09-24 01:42:41
428,7076,2024-10-15 04:23:31,151263,True,2024-10-31 04:23:31
429,7100,2024-07-07 12:44:49,156943,True,2024-07-12 12:44:49
430,7119,2024-12-13 01:09:08,118002,True,2024-12-31 01:09:08
431,7127,2024-06-05 05:40:19,154867,True,2024-05-28 05:40:19
432,7130,2024-10-22 21:36:52,138241,True,2024-10-29 21:36:52
433,7160,2024-08-13 07:04:54,147740,True,2024-08-15 07:04:54
434,7170,2025-08-22 05:41:38,65588,True,2025-08-30 05:41:38
435,7189,2024-08-25 22:26:06,154927,False,
436,7198,2025-10-27 03:40:14,99396,True,2025-10-30 03:40:14
437,7207,2024-09-30 17:36:41,97425,True,2024-09-18 17:36:41
438,7227,2025-11-03 18:37:37,117881,True,2025-10-16 18:37:37
439,7259,2025-03-09 23:55:16,197445,True,2025-02-24 23:55:16
440,7286,2025-02-05 02:48:31,128342,True,2025-02-05 02:48:31
441,7314,2025-04-14 01:58:48,185779,True,2025-03-18 01:58:48
442,7332,2026-01-07 03:43:06,175229,True,2026-01-18 03:43:06
443,7340,2024-12-25 02:15:11,158124,True,2025-01-02 02:15:11
444,7345,2025-10-27 08:41:06,162718,True,2025-10-31 08:41:06
445,7376,2025-12-07 23:29:20,108021,True,2025-12-05 23:29:20
446,7384,2024-05-09 12:38:30,131506,False,
447,7435,2026-01-16 19:00:16,85312,False,
448,7443,2024-05-11 21:06:57,109141,False,
449,7451,2025-08-12 21:16:06,107688,False,
450,7453,2024-05-23 23:05:54,207291,False,
451,7491,2025-10-10 19:43:00,68902,True,2025-10-26 19:43:00
452,7531,2024-04-20 10:16:36,110566,True,2024-05-14 10:16:36
453,7534,2024-05-18 15:13:58,164351,False,
454,7582,2025-08-02 05:59:34,110723,True,2025-08-23 05:59:34
455,7596,2024-12-31 10:21:37,103598,True,2025-01-14 10:21:37
456,7615,2025-10-04 16:31:22,68646,True,2025-09-28 16:31:22
457,7647,2026-01-31 11:01:06,122690,True,2026-02-28 11:01:06
458,7668,2024-11-17 13:18:43,113146,True,2024-11-21 13:18:43
459,7674,2024-05-13 15:12:19,137376,True,2024-05-27 15:12:19
460,7696,2024-12-16 13:07:42,122123,False,
461,7735,2024-06-01 06:59:09,68242,True,2024-05-19 06:59:09
462,7759,2025-08-04 08:33:03,133910,True,2025-08-12 08:33:03
463,7774,2025-05-01 02:30:27,161798,True,2025-04-06 02:30:27
464,7777,2024-10-03 09:07:13,92327,False,
465,7809,2024-09-27 23:27:56,146363,False,
466,7818,2024-05-30 19:37:50,111053,True,2024-06-02 19:37:50
467,7828,2024-05-13 23:22:25,99395,True,2024-05-23 23:22:25
468,7829,2025-06-06 01:49:44,140579,True,2025-05-20 01:49:44
469,7831,2025-04-26 17:01:31,153908,False,
470,7834,2024-05-24 14:43:30,194677,True,2024-06-01 14:43:30
471,7853,2025-09-02 10:10:49,126169,True,2025-08-17 10:10:49
472,7882,2025-06-30 00:14:53,150065,True,2025-07-16 00:14:53
473,7941,2025-12-18 20:25:36,145272,True,2026-01-11 20:25:36
474,7957,2024-02-18 18:21:24,228753,True,2024-03-04 18:21:24
475,7964,2025-10-28 13:41:14,196363,True,2025-11-07 13:41:14
476,7965,2024-11-18 12:47:03,102779,True,2024-11-07 12:47:03
477,7977,2025-07-26 09:40:49,92847,False,
478,7988,2024-10-13 05:23:21,187190,False,
479,7993,2024-05-07 10:26:25,169223,True,2024-06-07 10:26:25
480,8019,2026-01-26 11:25:45,112317,True,2026-01-26 11:25:45
481,8036,2024-02-24 22:24:16,141051,True,2024-02-28 22:24:16
482,8045,2024-11-14 18:18:09,182584,True,2024-11-08 18:18:09
483,8046,2025-03-22 13:26:53,164289,True,2025-04-08 13:26:53
484,8048,2024-03-09 04:15:12,214557,False,
485,8050,2025-09-02 21:06:56,118335,True,2025-08-28 21:06:56
486,8064,2024-10-06 21:36:52,128616,True,2024-10-25 21:36:52
487,8082,2025-01-23 02:57:12,232209,True,2025-01-30 02:57:12
488,8094,2026-01-01 08:09:55,94876,True,2026-01-11 08:09:55
489,8120,2024-09-29 22:26:06,147622,False,
490,8138,2024-06-06 18:42:27,88866,True,2024-06-20 18:42:27
491,8145,2024-09-11 22:19:09,145991,False,
492,8147,2025-11-15 13:37:04,160623,True,2025-11-09 13:37:04
493,8154,2024-07-07 13:49:24,118305,True,2024-07-17 13:49:24
494,8156,2025-04-18 08:47:32,91092,False,
495,8186,2024-06-08 17:53:54,118430,True,2024-06-28 17:53:54
496,8201,2025-08-30 11:16:51,134805,True,2025-09-18 11:16:51
497,8213,2025-08-22 15:47:30,204701,False,
498,8236,2025-05-26 20:24:46,144392,True,2025-06-11 20:24:46
499,8244,2025-11-24 17:35:07,204377,True,2025-12-02 17:35:07
500,8245,2024-11-26 13:07:42,124335,True,2024-12-19 13:07:42
501,8272,2025-04-12 21:15:38,131035,True,2025-05-03 21:15:38
502,8284,2026-02-04 00:26:09,116800,False,
503,8288,2025-09-20 14:04:18,107090,True,2025-10-15 14:04:18
504,8294,2025-03-07 19:13:06,124807,True,2025-03-02 19:13:06
505,8322,2025-08-15 07:35:50,88585,True,2025-09-08 07:35:50
506,8328,2025-06-29 13:35:39,173145,True,2025-07-04 13:35:39
507,8342,2024-04-15 13:19:31,98925,True,2024-04-22 13:19:31
508,8354,2026-01-05 17:06:20,97955,True,2025-12-20 17:06:20
509,8393,2024-06-04 19:57:56,117198,False,
510,8419,2024-07-26 12:16:16,143030,True,2024-08-18 12:16:16
511,8438,2024-06-01 04:16:34,112024,True,2024-06-01 04:16:34
512,8441,2024-11-17 18:18:09,182381,False,
513,8444,2024-10-20 01:04:45,119612,True,2024-10-09 01:04:45
514,8472,2026-02-13 20:01:41,93547,True,2026-03-14 20:01:41
515,8493,2024-05-28 09:54:15,124598,True,2024-05-22 09:54:15
516,8516,2025-10-10 05:19:16,125325,True,2025-10-10 05:19:16
517,8520,2025-07-04 14:22:35,137418,True,2025-07-12 14:22:35
518,8526,2026-02-15 16:42:57,135329,True,2026-02-25 16:42:57
519,8564,2024-08-17 05:47:00,122840,True,2024-08-13 05:47:00
520,8565,2025-12-19 07:26:54,104623,True,2025-12-24 07:26:54
521,8568,2024-06-04 18:37:32,165234,True,2024-06-22 18:37:32
522,8587,2024-06-21 02:33:21,87344,False,
523,8607,2024-06-23 00:26:43,134257,True,2024-06-11 00:26:43
524,8612,2024-09-23 18:28:34,225397,True,2024-09-29 18:28:34
525,8613,2025-07-14 04:34:08,129301,True,2025-07-11 04:34:08
526,8645,2024-10-09 03:43:41,133642,True,2024-10-16 03:43:41
527,8656,2025-06-14 11:43:12,135345,False,
528,8738,2024-02-08 04:11:11,158905,False,
529,8741,2024-09-05 18:28:34,212869,True,2024-09-07 18:28:34
530,8745,2025-09-03 00:31:28,88657,True,2025-09-16 00:31:28
531,8769,2024-09-17 18:14:35,93572,False,
532,8825,2025-03-13 14:06:25,129296,True,2025-03-12 14:06:25
533,8829,2024-11-28 16:28:05,148839,True,2024-12-02 16:28:05
534,8844,2025-06-23 16:40:41,135987,False,
535,8855,2024-06-21 01:28:18,70472,True,2024-06-05 01:28:18
536,8872,2024-06-08 11:20:45,183588,True,2024-07-03 11:20:45
537,8888,2024-12-04 09:42:14,70751,True,2024-12-16 09:42:14
538,8900,2024-08-27 09:07:13,99915,True,2024-08-26 09:07:13
539,8953,2024-04-06 06:01:49,141322,True,2024-04-03 06:01:49
540,8975,2025-09-26 03:33:16,97413,False,
541,9029,2024-07-21 01:46:13,91596,False,
542,9044,2024-02-20 04:15:12,207421,True,2024-02-05 04:15:12
543,9063,2024-04-03 16:03:34,161322,True,2024-05-02 16:03:34
544,9068,2026-01-04 08:08:51,89092,False,
545,9074,2025-10-30 05:52:34,200457,True,2025-11-28 05:52:34
546,9083,2024-10-02 22:34:40,123719,False,
547,9087,2024-10-25 06:25:06,123855,False,
548,9090,2025-06-09 13:22:23,156074,False,
549,9097,2025-01-11 16:45:56,198201,False,
550,9172,2024-09-15 21:55:20,94178,False,
551,9223,2025-07-16 09:14:20,136163,False,
552,9227,2025-10-11 12:48:49,145621,True,2025-10-14 12:48:49
553,9232,2024-07-31 07:04:54,126366,True,2024-07-29 07:04:54
554,9251,2024-07-31 13:17:52,136814,True,2024-07-25 13:17:52
555,9260,2025-02-27 16:21:35,133099,True,2025-02-19 16:21:35
556,9268,2024-08-15 02:52:40,146249,True,2024-08-03 02:52:40
557,9318,2025-10-11 11:13:16,96609,True,2025-10-21 11:13:16
558,9328,2024-07-26 07:32:12,100459,True,2024-07-07 07:32:12
559,9344,2024-06-26 00:46:19,101761,True,2024-06-28 00:46:19
560,9359,2024-04-15 12:19:13,150376,True,2024-04-23 12:19:13
561,9363,2025-05-31 18:43:06,140370,True,2025-06-07 18:43:06
562,9376,2025-07-23 08:20:15,182969,True,2025-07-30 08:20:15
563,9379,2024-10-05 12:01:01,103185,False,
564,9394,2024-11-18 12:14:29,124192,True,2024-12-06 12:14:29
565,9398,2025-12-24 23:29:20,108772,False,
566,9402,2025-11-09 01:52:45,101902,True,2025-11-13 01:52:45
567,9437,2026-02-05 14:32:11,146250,False,
568,9453,2024-03-29 10:15:57,174162,True,2024-03-19 10:15:57
569,9466,2024-06-12 06:51:45,182539,True,2024-06-15 06:51:45
570,9474,2024-11-13 20:18:00,86331,True,2024-11-22 20:18:00
571,9485,2024-05-10 18:36:55,211388,True,2024-05-31 18:36:55
572,9490,2024-04-25 13:55:21,101068,True,2024-05-24 13:55:21
573,9505,2024-04-27 03:08:29,186684,True,2024-05-04 03:08:29
574,9525,2024-02-28 08:36:05,146533,True,2024-03-02 08:36:05
575,9562,2025-12-04 05:52:34,225774,True,2025-12-06 05:52:34
576,9564,2025-10-28 10:59:41,108559,True,2025-11-02 10:59:41
577,9573,2026-01-31 09:56:04,146065,True,2026-02-16 09:56:04
578,9577,2025-03-11 09:41:42,150039,True,2025-03-08 09:41:42
579,9597,2024-07-18 09:54:14,102909,True,2024-07-23 09:54:14
580,9605,2025-02-16 20:56:56,230755,True,2025-02-07 20:56:56
581,9609,2025-09-29 18:06:26,94324,True,2025-09-14 18:06:26
582,9626,2025-12-04 20:32:04,124014,False,
583,9655,2025-01-26 03:05:12,97311,True,2025-02-19 03:05:12
584,9660,2024-04-26 14:49:52,70165,True,2024-05-04 14:49:52
585,9662,2024-10-21 04:18:55,157029,True,2024-11-09 04:18:55
586,9663,2025-05-13 21:54:42,99836,True,2025-05-08 21:54:42
587,9665,2025-02-07 15:10:35,215454,True,2025-02-20 15:10:35
588,9684,2024-09-27 06:15:12,90540,True,2024-10-04 06:15:12
589,9700,2025-03-10 21:52:30,194657,False,
590,9707,2025-06-01 20:24:51,121086,True,2025-05-16 20:24:51
591,9708,2026-01-27 17:50:56,189941,True,2026-02-01 17:50:56
592,9756,2025-03-21 10:24:04,138860,True,2025-03-09 10:24:04
593,9762,2024-04-07 03:41:51,127320,True,2024-05-02 03:41:51
594,9764,2024-06-09 18:15:01,141205,False,
595,9765,2025-06-20 02:13:48,97653,True,2025-06-30 02:13:48
596,9769,2025-12-03 21:46:52,185211,True,2025-11-18 21:46:52
597,9770,2024-12-22 01:36:01,152212,True,2024-11-30 01:36:01
598,9772,2024-10-03 22:26:06,134531,False,
599,9774,2026-02-09 12:25:53,126567,True,2026-02-11 12:25:53
600,9780,2024-04-13 08:59:57,88477,True,2024-04-28 08:59:57
601,9790,2025-03-22 05:33:11,111451,False,
602,9799,2025-09-18 04:13:45,130861,False,
603,9800,2025-08-23 16:46:38,110031,True,2025-08-01 16:46:38
604,9816,2025-04-24 08:07:38,166957,True,2025-04-09 08:07:38
605,9823,2025-01-19 23:27:31,135447,False,
606,9825,2025-06-02 06:49:33,77088,True,2025-06-13 06:49:33
607,9838,2024-04-10 03:08:29,188506,True,2024-04-11 03:08:29
608,9843,2024-10-06 21:30:30,132410,True,2024-10-11 21:30:30
609,9846,2024-06-09 11:40:54,109432,True,2024-06-30 11:40:54
610,9856,2025-07-25 13:06:03,141991,True,2025-08-02 13:06:03
611,9861,2025-04-24 13:32:15,97883,True,2025-05-08 13:32:15
612,9889,2024-09-03 06:26:05,98016,True,2024-09-06 06:26:05
613,9891,2025-08-30 04:29:11,89023,True,2025-09-03 04:29:11
614,9896,2024-06-22 22:00:31,156813,True,2024-06-15 22:00:31
615,9911,2025-03-17 12:39:55,121600,False,
616,9919,2025-12-19 04:53:45,119237,True,2026-01-26 04:53:45
617,9958,2025-08-27 16:28:31,126449,True,2025-08-20 16:28:31
618,9970,2025-08-11 03:35:42,88351,False,
619,9973,2025-04-12 19:22:21,125763,True,2025-03-30 19:22:21
620,9984,2025-08-16 07:05:09,125978,True,2025-08-19 07:05:09
621,9985,2024-12-02 07:50:03,99946,True,2024-12-22 07:50:03
622,9995,2024-08-08 21:15:10,138505,True,2024-08-11 21:15:10
623,10005,2024-08-27 09:18:30,100365,True,2024-09-12 09:18:30
624,10026,2024-12-26 13:37:37,102113,True,2024-12-31 13:37:37
625,10078,2024-05-10 15:59:53,80720,True,2024-05-20 15:59:53
626,10089,2025-04-04 19:01:24,123064,False,
627,10100,2024-06-09 11:09:58,148081,False,
628,10109,2024-02-10 10:22:06,116003,True,2024-02-09 10:22:06
629,10121,2024-11-09 22:24:28,131806,False,
630,10139,2025-04-07 03:14:23,198402,True,2025-04-04 03:14:23
631,10181,2024-09-20 05:17:58,170551,True,2024-09-17 05:17:58
632,10247,2025-03-18 22:25:30,133424,True,2025-03-09 22:25:30
633,10260,2024-03-26 08:50:44,133434,True,2024-03-11 08:50:44
634,10269,2024-07-15 09:26:29,138887,True,2024-08-11 09:26:29
635,10272,2024-05-12 15:54:34,99517,True,2024-04-30 15:54:34
636,10290,2025-12-02 21:43:28,96427,True,2025-12-24 21:43:28
637,10304,2026-02-23 14:13:40,141254,True,2026-02-09 14:13:40
638,10309,2025-11-07 16:53:46,97615,True,2025-11-04 16:53:46
639,10312,2025-12-20 19:04:51,78612,True,2026-01-09 19:04:51
640,10338,2025-05-08 12:24:10,97825,True,2025-05-27 12:24:10
641,10340,2025-04-01 00:48:25,96844,True,2025-04-10 00:48:25
642,10360,2025-10-11 03:11:36,141631,True,2025-11-01 03:11:36
643,10361,2025-04-06 11:57:49,109808,True,2025-04-08 11:57:49
644,10392,2025-05-15 13:34:48,88039,False,
645,10401,2025-03-08 15:37:50,74192,True,2025-04-11 15:37:50
646,10427,2025-09-28 01:45:45,163392,True,2025-10-13 01:45:45
647,10466,2025-10-04 19:04:33,111383,True,2025-10-20 19:04:33
648,10471,2025-04-17 17:01:31,143013,True,2025-05-08 17:01:31
649,10474,2025-06-25 20:04:35,123381,False,
650,10486,2025-01-11 09:40:30,108385,False,
651,10495,2024-12-31 09:06:28,126526,True,2025-01-24 09:06:28
652,10504,2025-08-05 02:51:00,136293,True,2025-08-03 02:51:00
653,10505,2024-05-18 11:09:58,151402,True,2024-05-28 11:09:58
654,10529,2025-11-09 01:22:15,91701,False,
655,10533,2025-12-12 07:02:40,166973,True,2025-12-08 07:02:40
656,10545,2025-12-16 21:49:46,127649,True,2025-12-04 21:49:46
657,10555,2026-02-11 23:09:08,104709,False,
658,10560,2024-11-15 04:18:55,138877,True,2024-11-01 04:18:55
659,10573,2024-04-19 12:38:30,135759,True,2024-04-25 12:38:30
660,10585,2025-08-27 21:10:09,114463,True,2025-09-26 21:10:09
661,10589,2025-09-03 03:21:48,106154,False,
662,10605,2024-07-09 18:14:18,72728,True,2024-07-26 18:14:18
663,10607,2026-02-22 11:01:06,117894,True,2026-01-31 11:01:06
664,10627,2025-09-25 14:03:51,102740,True,2025-10-21 14:03:51
665,10655,2024-03-21 22:44:17,94678,True,2024-03-13 22:44:17
666,10668,2025-04-16 10:46:54,89359,True,2025-04-25 10:46:54
667,10671,2025-08-28 21:51:00,71688,False,
668,10681,2024-05-05 13:55:21,101021,True,2024-06-03 13:55:21
669,10687,2025-08-16 02:32:22,103828,True,2025-08-25 02:32:22
670,10693,2025-09-02 20:38:26,74030,True,2025-10-10 20:38:26
671,10706,2025-03-20 15:42:41,109927,True,2025-03-18 15:42:41
672,10708,2025-02-06 08:18:42,195224,True,2025-02-04 08:18:42
673,10716,2024-10-20 12:14:29,121417,True,2024-10-21 12:14:29
674,10722,2024-02-29 07:31:51,163158,True,2024-03-26 07:31:51
675,10743,2024-04-03 04:14:25,142254,True,2024-05-01 04:14:25
676,10744,2024-05-28 09:12:43,102058,True,2024-06-08 09:12:43
677,10777,2025-06-14 04:46:03,126882,True,2025-07-06 04:46:03
678,10789,2024-09-24 17:02:45,114984,True,2024-09-30 17:02:45
679,10805,2025-10-18 19:29:11,132360,True,2025-10-29 19:29:11
680,10822,2025-07-12 00:53:45,90796,False,
681,10823,2025-06-04 13:32:15,105439,True,2025-05-19 13:32:15
682,10853,2024-02-08 04:15:12,209921,True,2024-03-11 04:15:12
683,10868,2024-09-14 16:12:03,106629,True,2024-09-18 16:12:03
684,10870,2024-10-13 13:28:16,97230,True,2024-10-20 13:28:16
685,10904,2025-04-10 18:52:16,65191,True,2025-04-16 18:52:16
686,10911,2025-01-31 17:00:59,104244,False,
687,10938,2025-04-09 00:32:20,106921,True,2025-03-27 00:32:20
688,10939,2024-06-13 13:02:49,120782,False,
689,10953,2025-01-14 20:54:16,94448,True,2025-01-27 20:54:16
690,10958,2025-04-18 04:02:24,98121,True,2025-05-09 04:02:24
691,10967,2026-02-15 23:14:32,135841,True,2026-02-17 23:14:32
692,11010,2024-12-26 17:06:10,169377,True,2024-12-23 17:06:10
693,11037,2025-05-09 15:31:34,129425,True,2025-06-05 15:31:34
694,11042,2024-04-13 18:47:06,126854,True,2024-04-22 18:47:06
695,11050,2025-03-04 04:52:43,114152,True,2025-03-01 04:52:43
696,11072,2025-07-29 20:35:33,118036,False,
697,11078,2024-09-08 18:11:47,120501,True,2024-10-07 18:11:47
698,11085,2025-08-23 00:44:35,173587,True,2025-09-07 00:44:35
699,11158,2025-08-08 20:32:19,96109,True,2025-07-28 20:32:19
700,11177,2025-08-29 19:19:23,104996,True,2025-09-11 19:19:23
701,11191,2025-06-27 00:48:33,118761,True,2025-06-30 00:48:33
702,11231,2025-10-12 07:29:37,135288,False,
703,11240,2024-06-14 18:14:44,79497,True,2024-07-04 18:14:44
704,11251,2025-07-20 02:24:00,186073,True,2025-07-29 02:24:00
705,11280,2025-05-25 10:40:58,115267,True,2025-06-07 10:40:58
706,11281,2026-02-10 18:49:32,135162,True,2026-02-02 18:49:32
707,11285,2024-06-10 06:51:45,206202,True,2024-05-29 06:51:45
708,11349,2025-03-17 16:58:52,110113,True,2025-03-18 16:58:52
709,11353,2024-12-07 00:05:34,139524,False,
710,11387,2025-05-15 15:04:07,171145,True,2025-05-12 15:04:07
711,11396,2024-02-27 00:01:07,169939,True,2024-02-20 00:01:07
712,11435,2024-06-08 08:24:08,130859,False,
713,11471,2024-04-24 22:05:18,154581,True,2024-04-27 22:05:18
714,11473,2024-04-15 14:56:54,157392,True,2024-04-26 14:56:54
715,11507,2026-02-04 20:41:54,105247,True,2026-03-11 20:41:54
716,11508,2025-01-29 15:59:39,193180,True,2025-01-28 15:59:39
717,11509,2024-08-13 07:51:21,185784,True,2024-08-29 07:51:21
718,11537,2025-05-17 13:35:39,174384,True,2025-05-27 13:35:39
719,11539,2025-08-14 14:03:41,92316,True,2025-08-13 14:03:41
720,11542,2025-07-28 12:36:39,171399,True,2025-08-14 12:36:39
721,11551,2024-11-12 12:12:29,140605,True,2024-11-22 12:12:29
722,11559,2024-06-05 20:25:01,217130,True,2024-07-13 20:25:01
723,11579,2025-10-31 12:48:49,134907,False,
724,11593,2025-10-05 14:51:42,131435,False,
725,11602,2025-01-31 05:01:18,77157,True,2025-02-25 05:01:18
726,11613,2024-09-06 22:18:51,166084,False,
727,11616,2024-11-27 09:37:58,134574,True,2024-12-15 09:37:58
728,11624,2024-06-11 04:23:06,97180,True,2024-06-05 04:23:06
729,11630,2025-08-21 04:13:45,132505,True,2025-08-26 04:13:45
730,11633,2026-01-09 09:55:41,122606,True,2026-01-02 09:55:41
731,11635,2025-09-08 16:28:31,126205,False,
732,11642,2024-04-15 05:44:48,143834,True,2024-04-26 05:44:48
733,11647,2025-09-27 16:34:28,80280,True,2025-09-19 16:34:28
734,11650,2026-01-14 08:28:49,68577,True,2025-12-29 08:28:49
735,11680,2025-04-18 18:42:41,119219,True,2025-04-01 18:42:41
736,11694,2025-02-04 13:13:55,94590,False,
737,11695,2024-07-01 00:50:20,94423,True,2024-06-27 00:50:20
738,11706,2024-02-22 22:24:00,102549,True,2024-03-20 22:24:00
739,11710,2025-12-02 10:17:53,130467,False,
740,11778,2025-01-06 20:18:00,97634,True,2025-01-01 20:18:00
741,11786,2025-10-07 05:07:24,87853,True,2025-10-26 05:07:24
742,11794,2024-11-12 08:49:00,141433,False,
743,11834,2025-06-25 06:19:34,163709,True,2025-07-09 06:19:34
744,11856,2024-09-21 16:28:23,73163,True,2024-09-27 16:28:23
745,11895,2024-09-22 11:23:26,228676,True,2024-08-30 11:23:26
746,11952,2024-06-18 04:40:04,135021,False,
747,11953,2024-12-12 16:56:25,136222,True,2024-12-19 16:56:25
748,12013,2024-10-02 13:28:16,99350,True,2024-10-29 13:28:16
749,12018,2025-12-15 01:25:19,116986,True,2025-11-24 01:25:19
750,12020,2024-03-20 16:40:13,124407,False,
751,12023,2025-06-15 04:08:30,144780,True,2025-06-26 04:08:30
752,12031,2025-09-10 11:16:51,146753,False,
753,12040,2026-02-07 07:00:43,97767,True,2026-03-05 07:00:43
754,12050,2024-09-19 19:46:13,111325,True,2024-10-12 19:46:13
755,12071,2024-07-31 12:00:13,108554,False,
756,12151,2025-12-04 13:10:07,114222,True,2025-12-05 13:10:07
757,12158,2024-07-16 09:01:10,102885,True,2024-07-09 09:01:10
758,12172,2024-09-17 03:00:46,117079,False,
759,12180,2025-01-27 23:35:38,91888,False,
760,12194,2025-03-25 15:34:01,175927,True,2025-03-19 15:34:01
761,12198,2024-07-19 13:49:24,136905,True,2024-07-20 13:49:24
762,12224,2025-06-29 09:29:50,161942,True,2025-07-08 09:29:50
763,12225,2025-11-11 18:51:23,105745,True,2025-11-08 18:51:23
764,12228,2025-12-30 03:32:41,134585,True,2026-01-29 03:32:41
765,12234,2025-09-13 15:06:12,181298,False,
766,12246,2025-10-10 09:35:30,78552,True,2025-10-20 09:35:30
767,12260,2024-04-23 12:38:30,148957,True,2024-04-28 12:38:30
768,12269,2025-06-08 17:45:54,160014,True,2025-05-18 17:45:54
769,12270,2024-05-02 03:06:15,102594,True,2024-04-26 03:06:15
770,12281,2024-03-18 17:24:04,70313,True,2024-02-28 17:24:04
771,12332,2024-10-15 12:47:03,97313,True,2024-10-26 12:47:03
772,12338,2025-08-07 03:55:09,157213,False,
773,12341,2024-04-06 14:49:52,74154,True,2024-04-23 14:49:52
774,12352,2025-12-13 21:45:08,174004,True,2025-12-09 21:45:08
775,12354,2025-09-17 02:51:00,121024,True,2025-09-14 02:51:00
776,12376,2025-11-24 01:22:15,88459,False,
777,12406,2024-05-16 09:54:15,126661,True,2024-04-27 09:54:15
778,12413,2025-06-03 11:51:59,154629,True,2025-06-15 11:51:59
779,12439,2025-02-15 17:04:19,118751,True,2025-02-03 17:04:19
780,12443,2024-08-03 02:09:52,102573,True,2024-08-09 02:09:52
781,12444,2024-04-19 20:45:50,155829,False,
782,12460,2025-11-21 21:49:46,132751,True,2025-11-27 21:49:46
783,12465,2025-09-14 04:32:58,135045,True,2025-09-29 04:32:58
784,12481,2026-02-18 14:32:11,152589,True,2026-02-25 14:32:11
785,12519,2025-08-01 00:53:45,106869,True,2025-08-04 00:53:45
786,12529,2025-03-09 20:43:34,100402,True,2025-03-10 20:43:34
787,12550,2024-02-25 21:24:45,150114,True,2024-03-12 21:24:45
788,12552,2025-03-19 21:57:12,158895,False,
789,12564,2025-02-08 17:23:16,153270,False,
790,12574,2024-04-06 04:14:25,134965,True,2024-04-09 04:14:25
791,12589,2024-09-19 10:59:45,159047,True,2024-09-19 10:59:45
792,12608,2025-11-03 18:51:23,112324,False,
793,12626,2024-09-22 20:44:48,126789,False,
794,12650,2024-06-12 18:34:52,63697,True,2024-06-29 18:34:52
795,12656,2024-02-01 02:22:26,149881,True,2024-02-02 02:22:26
796,12669,2024-06-10 22:54:35,101842,False,
797,12711,2025-10-02 18:06:23,228462,True,2025-10-02 18:06:23
798,12724,2024-03-15 23:09:35,106715,True,2024-03-04 23:09:35
799,12740,2024-10-18 10:09:20,143254,False,
800,12744,2024-06-14 07:31:50,207568,True,2024-07-19 07:31:50
801,12766,2025-04-03 21:39:57,149678,False,
802,12781,2024-02-25 15:03:39,112806,False,
803,12785,2025-07-13 01:30:15,89874,True,2025-07-31 01:30:15
804,12806,2024-10-17 10:21:24,144498,True,2024-10-22 10:21:24
805,12850,2025-08-09 01:11:59,109967,True,2025-07-25 01:11:59
806,12860,2025-05-29 08:08:08,120626,True,2025-06-14 08:08:08
807,12871,2024-09-05 17:03:39,127391,False,
808,12880,2025-03-17 07:21:04,179667,True,2025-04-10 07:21:04
809,12881,2025-09-17 19:12:52,100186,True,2025-09-23 19:12:52
810,12883,2025-03-07 00:37:52,184680,True,2025-03-07 00:37:52
811,12884,2025-08-15 09:52:07,107187,True,2025-08-06 09:52:07
812,12886,2024-09-21 04:50:01,116436,True,2024-09-11 04:50:01
813,12911,2024-07-22 12:16:16,137321,True,2024-07-26 12:16:16
814,12922,2024-10-07 11:58:19,88456,True,2024-09-20 11:58:19
815,12940,2025-02-06 07:30:24,136489,True,2025-03-03 07:30:24
816,12952,2026-01-18 04:33:40,139206,True,2026-02-05 04:33:40
817,12955,2025-07-12 18:13:01,152774,False,
818,12973,2025-02-26 07:39:30,142807,True,2025-03-18 07:39:30
819,13000,2024-04-25 12:46:57,108653,True,2024-04-16 12:46:57
820,13077,2026-01-17 23:36:23,132176,False,
821,13115,2024-02-22 01:54:00,157136,True,2024-02-13 01:54:00
822,13142,2024-05-02 16:20:10,113532,True,2024-04-19 16:20:10
823,13152,2024-08-03 15:22:44,142248,False,
824,13154,2025-06-18 20:34:07,97583,True,2025-07-06 20:34:07
825,13166,2024-11-21 05:21:35,94392,True,2024-11-09 05:21:35
826,13175,2024-10-22 21:36:52,127817,True,2024-10-25 21:36:52
827,13206,2024-05-02 18:43:46,134253,True,2024-05-30 18:43:46
828,13209,2024-10-28 07:39:52,146289,False,
829,13275,2024-07-07 05:57:28,181011,True,2024-07-02 05:57:28
830,13291,2025-07-21 15:38:03,104534,True,2025-07-25 15:38:03
831,13298,2024-08-29 12:09:26,130398,True,2024-08-12 12:09:26
832,13337,2024-08-30 14:22:21,166504,True,2024-09-30 14:22:21
833,13357,2025-09-30 21:51:00,79163,True,2025-10-15 21:51:00
834,13385,2024-05-25 19:09:30,122845,True,2024-06-21 19:09:30
835,13412,2025-01-07 02:49:50,164041,True,2025-01-19 02:49:50
836,13437,2025-01-25 17:23:16,153189,True,2024-12-31 17:23:16
837,13476,2025-04-05 06:41:19,130200,False,
838,13526,2025-06-22 00:10:39,109645,False,
839,13528,2025-03-05 04:39:54,200960,True,2025-03-22 04:39:54
840,13556,2025-06-06 11:34:48,180874,False,
841,13560,2025-09-13 14:04:18,114863,True,2025-10-04 14:04:18
842,13569,2025-07-26 04:42:48,103908,True,2025-08-11 04:42:48
843,13582,2024-04-17 10:36:22,151888,True,2024-04-10 10:36:22
844,13594,2024-04-04 06:01:49,143201,True,2024-03-29 06:01:49
845,13598,2025-04-25 12:47:08,159083,True,2025-05-02 12:47:08
846,13625,2024-11-13 23:03:02,105328,True,2024-11-09 23:03:02
847,13641,2024-03-06 15:07:39,96288,False,
848,13644,2024-08-28 03:43:48,130818,True,2024-08-19 03:43:48
849,13648,2024-12-18 01:08:32,158661,True,2024-12-30 01:08:32
850,13657,2024-06-23 09:28:22,194805,True,2024-06-11 09:28:22
851,13659,2025-12-16 23:33:21,140111,True,2026-01-14 23:33:21
852,13680,2025-03-17 13:25:00,94082,True,2025-03-27 13:25:00
853,13682,2025-08-16 21:16:06,122624,True,2025-09-05 21:16:06
854,13686,2024-10-16 13:28:57,116807,False,
855,13687,2024-02-12 23:15:21,78384,True,2024-02-24 23:15:21
856,13742,2024-06-08 04:23:06,87461,True,2024-06-23 04:23:06
857,13763,2024-12-25 02:49:50,135596,True,2024-12-12 02:49:50
858,13773,2024-08-23 07:32:12,95081,False,
859,13787,2024-05-08 00:51:24,109097,False,
860,13816,2024-03-05 04:53:18,192693,True,2024-03-20 04:53:18
861,13856,2024-04-28 00:40:47,122115,True,2024-04-23 00:40:47
862,13869,2025-10-30 18:06:23,206372,False,
863,13870,2024-04-15 20:23:13,173102,True,2024-04-12 20:23:13
864,13877,2025-02-16 13:42:28,145496,False,
865,13894,2025-03-26 05:51:12,92736,False,
866,13938,2025-02-22 00:53:34,96227,True,2025-02-24 00:53:34
867,13940,2025-12-03 06:35:07,169541,True,2025-12-16 06:35:07
868,13951,2025-11-05 11:04:20,135309,False,
869,13953,2025-01-11 23:35:38,93364,True,2025-01-22 23:35:38
870,13979,2025-02-16 11:18:25,117924,True,2025-03-04 11:18:25
871,13990,2024-10-31 01:43:10,140277,True,2024-11-12 01:43:10
872,14055,2025-02-01 23:49:07,145387,False,
873,14061,2025-05-27 15:10:05,96792,True,2025-06-14 15:10:05
874,14110,2024-04-25 00:16:03,210803,True,2024-04-18 00:16:03
875,14139,2025-02-14 08:24:32,116541,False,
876,14175,2024-05-17 05:15:56,180798,True,2024-05-14 05:15:56
877,14180,2025-02-06 14:09:38,105812,True,2025-02-11 14:09:38
878,14202,2025-03-28 22:39:21,134594,False,
879,14213,2024-03-21 15:07:39,98570,True,2024-03-07 15:07:39
880,14229,2025-01-21 13:24:28,152682,False,
881,14262,2024-04-14 19:29:33,97431,False,
882,14270,2024-11-11 01:00:54,122621,True,2024-11-21 01:00:54
883,14292,2024-05-07 20:10:49,160892,True,2024-05-21 20:10:49
884,14293,2024-06-14 07:31:16,74070,True,2024-06-06 07:31:16
885,14300,2024-09-16 13:13:47,148566,True,2024-10-03 13:13:47
886,14305,2025-05-08 15:04:07,160176,True,2025-05-13 15:04:07
887,14326,2024-02-26 20:17:58,170134,True,2024-03-24 20:17:58
888,14353,2025-10-01 14:03:41,79482,False,
889,14358,2024-11-02 15:42:06,124887,False,
890,14365,2024-08-15 13:45:55,80131,True,2024-08-24 13:45:55
891,14385,2025-11-05 22:54:51,85415,True,2025-11-25 22:54:51
892,14392,2025-08-31 06:40:42,99785,True,2025-09-30 06:40:42
893,14410,2024-03-01 03:57:33,128216,False,
894,14414,2025-05-05 21:38:38,144208,False,
895,14415,2025-05-16 21:54:42,104533,True,2025-04-30 21:54:42
896,14422,2025-05-14 15:13:57,239103,True,2025-05-31 15:13:57
897,14432,2025-12-04 07:29:37,144030,True,2025-12-13 07:29:37
898,14434,2025-06-09 05:09:24,93272,False,
899,14439,2024-08-03 13:09:12,63421,False,
900,14500,2024-06-10 00:08:54,162861,False,
901,14541,2025-12-01 07:26:54,93212,False,
902,14545,2024-04-04 02:56:23,130244,True,2024-03-18 02:56:23
903,14559,2024-05-31 12:19:50,123997,True,2024-06-17 12:19:50
904,14580,2025-03-09 23:01:13,127602,True,2025-03-09 23:01:13
905,14588,2024-11-09 12:58:35,218464,True,2024-11-14 12:58:35
906,14593,2024-05-25 23:00:57,91246,True,2024-06-19 23:00:57
907,14596,2025-11-10 20:33:50,123808,True,2025-12-11 20:33:50
908,14600,2024-05-24 18:42:27,108034,True,2024-05-31 18:42:27
909,14609,2024-03-19 16:08:09,122358,True,2024-03-20 16:08:09
910,14619,2025-11-24 17:42:39,123196,True,2025-11-03 17:42:39
911,14626,2024-09-15 00:08:45,141112,False,
912,14627,2025-09-08 17:30:28,114797,True,2025-09-21 17:30:28
913,14641,2025-10-14 00:31:28,87053,True,2025-10-13 00:31:28
914,14642,2025-12-10 14:02:47,117984,True,2025-12-14 14:02:47
915,14659,2024-04-16 04:13:22,70757,True,2024-05-06 04:13:22
916,14665,2025-09-25 03:42:39,92992,True,2025-09-05 03:42:39
917,14692,2025-12-24 09:55:41,103264,True,2025-12-26 09:55:41
918,14699,2025-05-25 11:34:48,187187,False,
919,14728,2025-08-21 22:28:57,73292,True,2025-09-05 22:28:57
920,14738,2024-08-05 02:03:08,96905,False,
921,14765,2025-07-17 20:00:03,143685,True,2025-07-24 20:00:03
922,14777,2024-03-03 18:21:24,194815,True,2024-03-07 18:21:24
923,14790,2025-09-13 15:19:12,172773,True,2025-09-24 15:19:12
924,14816,2025-07-31 10:04:43,137875,True,2025-07-16 10:04:43
925,14830,2024-03-20 11:13:39,125763,True,2024-04-22 11:13:39
926,14850,2025-02-21 04:07:16,100656,True,2025-02-24 04:07:16
927,14854,2025-06-11 15:20:45,146278,False,
928,14875,2024-12-30 12:39:42,201171,False,
929,14903,2025-10-23 01:45:59,171258,True,2025-11-12 01:45:59
930,14912,2024-03-18 07:37:23,156905,True,2024-03-21 07:37:23
931,14919,2024-06-21 14:44:11,190303,True,2024-05-31 14:44:11
932,14920,2025-03-06 05:13:27,175023,True,2025-03-06 05:13:27
933,14926,2024-04-05 15:16:51,122710,False,
934,14927,2024-10-24 22:45:35,63226,True,2024-11-06 22:45:35
935,14933,2024-04-26 00:56:02,179947,True,2024-04-21 00:56:02
936,14953,2024-09-12 23:08:51,101071,True,2024-09-23 23:08:51
937,14961,2025-03-23 21:57:46,138812,True,2025-03-30 21:57:46
938,14984,2024-06-07 16:25:59,97355,True,2024-07-02 16:25:59
